{
  "leaderboard": [
    {
      "model": "LightGBM",
      "pr_auc": 0.8851363021051399,
      "pr_std": 0.05524475810989834,
      "pr_folds": [
        0.892,
        0.955,
        0.852,
        0.943,
        0.863,
        0.98,
        0.837,
        0.886,
        0.847,
        0.796
      ],
      "ci_lo_optimistic": 0.8456165828715688,
      "ci_hi_optimistic": 0.924656021338711,
      "roc_auc": 0.9791413820571723,
      "brier": 0.0022495676269873185,
      "fit_s": 44.49208786487579
    },
    {
      "model": "RandomForest (balanced)",
      "pr_auc": 0.7710802672389496,
      "pr_std": 0.06517252150344169,
      "pr_folds": [
        0.701,
        0.853,
        0.833,
        0.783,
        0.658,
        0.877,
        0.736,
        0.73,
        0.771,
        0.769
      ],
      "ci_lo_optimistic": 0.724458653900789,
      "ci_hi_optimistic": 0.8177018805771102,
      "roc_auc": 0.9774765429654184,
      "brier": 0.004319815334661211,
      "fit_s": 5.12784218788147
    },
    {
      "model": "LogReg (L2, balanced)",
      "pr_auc": 0.4040034842139265,
      "pr_std": 0.06029978241450218,
      "pr_folds": [
        0.418,
        0.391,
        0.509,
        0.447,
        0.272,
        0.451,
        0.401,
        0.41,
        0.347,
        0.394
      ],
      "ci_lo_optimistic": 0.36086761843411813,
      "ci_hi_optimistic": 0.4471393499937349,
      "roc_auc": 0.9360659571389169,
      "brier": 0.010291359742302742,
      "fit_s": 3.3765384197235107
    }
  ],
  "mule_oof_score_pctl": {
    "10": 2,
    "25": 53,
    "50": 98,
    "75": 100,
    "90": 100
  },
  "pct_mules_ge70": 0.7160493827160493,
  "latency_ms": {
    "predict_ms_p50": 19.54249996924773,
    "predict_ms_p95": 27.49683002475649,
    "shap_ms_p50": 28.802849992644042,
    "shap_ms_p95": 33.0773599940585
  },
  "t_crit_df9": 2.2621571628540993,
  "note": "5x2 CV folds overlap ~80%; printed CI is a lower bound"
}