{
  "baseline": [
    0.8877369806929931,
    0.0325222101593582
  ],
  "+features": [
    0.8783029969050489,
    0.05988463897646763
  ],
  "+tuned": [
    0.8992745998225293,
    0.0
  ],
  "+ensemble": [
    0.9006896343091575,
    0.0
  ]
}